student_id,name,email,joining_time,leaving_time,total_duration,Total_Attendance,Attendance_Percentage,Certification_Status
STU0959,Student_959,student959@gmail.com,13:10,15:10,120,120,100.0,Certified
STU0947,Student_947,student947@gmail.com,13:06,15:06,120,120,100.0,Certified
STU0031,Student_31,student31@gmail.com,13:01,15:01,120,120,100.0,Certified
STU0044,Student_44,student44@gmail.com,13:12,15:12,120,120,100.0,Certified
STU0847,Student_847,student847@gmail.com,13:06,15:06,120,120,100.0,Certified
STU0826,Student_826,student826@gmail.com,13:14,15:14,120,120,100.0,Certified
STU0692,Student_692,student692@gmail.com,13:11,15:11,120,120,100.0,Certified
STU0700,Student_700,student700@gmail.com,13:14,15:14,120,120,100.0,Certified
STU0078,Student_78,student78@gmail.com,13:08,15:08,120,120,100.0,Certified
STU0707,Student_707,student707@gmail.com,13:11,15:11,120,120,100.0,Certified
STU0737,Student_737,student737@gmail.com,13:19,15:19,120,120,100.0,Certified
STU0746,Student_746,student746@gmail.com,13:16,15:16,120,120,100.0,Certified
STU0460,Student_460,student460@gmail.com,13:14,15:14,120,120,100.0,Certified
STU0437,Student_437,student437@gmail.com,13:10,15:10,120,120,100.0,Certified
STU0442,Student_442,student442@gmail.com,13:16,15:16,120,120,100.0,Certified
STU0445,Student_445,student445@gmail.com,13:10,15:10,120,120,100.0,Certified
STU0373,Student_373,student373@gmail.com,13:05,15:05,120,120,100.0,Certified
STU0376,Student_376,student376@gmail.com,13:18,15:18,120,120,100.0,Certified
STU0375,Student_375,student375@gmail.com,13:14,15:14,120,120,100.0,Certified
STU0411,Student_411,student411@gmail.com,13:13,15:13,120,120,100.0,Certified
STU0365,Student_365,student365@gmail.com,13:06,15:06,120,120,100.0,Certified
STU0238,Student_238,student238@gmail.com,13:14,15:14,120,120,100.0,Certified
STU0967,Student_967,student967@gmail.com,13:15,15:15,120,120,100.0,Certified
STU0175,Student_175,student175@gmail.com,13:04,15:04,120,120,100.0,Certified
STU0291,Student_291,student291@gmail.com,13:03,15:03,120,120,100.0,Certified
STU0294,Student_294,student294@gmail.com,13:17,15:17,120,120,100.0,Certified
STU0313,Student_313,student313@gmail.com,13:10,15:10,120,120,100.0,Certified
STU0323,Student_323,student323@gmail.com,13:06,15:06,120,120,100.0,Certified
STU0620,Student_620,student620@gmail.com,13:04,15:04,120,120,100.0,Certified
STU0664,Student_664,student664@gmail.com,13:04,15:04,120,120,100.0,Certified
STU0586,Student_586,student586@gmail.com,13:08,15:08,120,120,100.0,Certified
STU0613,Student_613,student613@gmail.com,13:13,15:13,120,120,100.0,Certified
STU0487,Student_487,student487@gmail.com,13:04,15:04,120,120,100.0,Certified
STU0117,Student_117,student117@gmail.com,13:03,15:03,120,120,100.0,Certified
STU0538,Student_538,student538@gmail.com,13:01,15:01,120,120,100.0,Certified
STU0662,Student_662,student662@gmail.com,13:10,15:09,119,119,99.166667,Certified
STU0842,Student_842,student842@gmail.com,13:14,15:13,119,119,99.166667,Certified
STU0912,Student_912,student912@gmail.com,13:07,15:06,119,119,99.166667,Certified
STU0948,Student_948,student948@gmail.com,13:18,15:17,119,119,99.166667,Certified
STU0869,Student_869,student869@gmail.com,13:09,15:08,119,119,99.166667,Certified
STU0880,Student_880,student880@gmail.com,13:20,15:19,119,119,99.166667,Certified
STU0953,Student_953,student953@gmail.com,13:06,15:05,119,119,99.166667,Certified
STU0767,Student_767,student767@gmail.com,13:17,15:16,119,119,99.166667,Certified
STU0954,Student_954,student954@gmail.com,13:03,15:02,119,119,99.166667,Certified
STU0517,Student_517,student517@gmail.com,13:08,15:07,119,119,99.166667,Certified
STU0966,Student_966,student966@gmail.com,13:03,15:02,119,119,99.166667,Certified
STU0243,Student_243,student243@gmail.com,13:01,15:00,119,119,99.166667,Certified
STU0419,Student_419,student419@gmail.com,13:08,15:07,119,119,99.166667,Certified
STU0343,Student_343,student343@gmail.com,13:12,15:11,119,119,99.166667,Certified
STU0336,Student_336,student336@gmail.com,13:15,15:14,119,119,99.166667,Certified
STU0443,Student_443,student443@gmail.com,13:17,15:16,119,119,99.166667,Certified
STU0307,Student_307,student307@gmail.com,13:02,15:01,119,119,99.166667,Certified
STU0276,Student_276,student276@gmail.com,13:03,15:02,119,119,99.166667,Certified
STU0163,Student_163,student163@gmail.com,13:11,15:10,119,119,99.166667,Certified
STU0172,Student_172,student172@gmail.com,13:09,15:08,119,119,99.166667,Certified
STU0016,Student_16,student16@gmail.com,13:19,15:18,119,119,99.166667,Certified
STU0263,Student_263,student263@gmail.com,13:17,15:16,119,119,99.166667,Certified
STU0268,Student_268,student268@gmail.com,13:13,15:12,119,119,99.166667,Certified
STU0305,Student_305,student305@gmail.com,13:04,15:03,119,119,99.166667,Certified
STU0312,Student_312,student312@gmail.com,13:09,15:08,119,119,99.166667,Certified
STU0522,Student_522,student522@gmail.com,13:18,15:17,119,119,99.166667,Certified
STU0550,Student_550,student550@gmail.com,13:02,15:01,119,119,99.166667,Certified
STU0733,Student_733,student733@gmail.com,13:07,15:06,119,119,99.166667,Certified
STU0641,Student_641,student641@gmail.com,13:19,15:18,119,119,99.166667,Certified
STU0520,Student_520,student520@gmail.com,13:07,15:06,119,119,99.166667,Certified
STU0719,Student_719,student719@gmail.com,13:19,15:18,119,119,99.166667,Certified
STU0093,Student_93,student93@gmail.com,13:10,15:09,119,119,99.166667,Certified
STU0764,Student_764,student764@gmail.com,13:06,15:04,118,118,98.333333,Certified
STU0932,Student_932,student932@gmail.com,13:09,15:07,118,118,98.333333,Certified
STU0020,Student_20,student20@gmail.com,13:09,15:07,118,118,98.333333,Certified
STU0019,Student_19,student19@gmail.com,13:14,15:12,118,118,98.333333,Certified
STU0956,Student_956,student956@gmail.com,13:19,15:17,118,118,98.333333,Certified
STU0059,Student_59,student59@gmail.com,13:14,15:12,118,118,98.333333,Certified
STU0844,Student_844,student844@gmail.com,13:13,15:11,118,118,98.333333,Certified
STU0860,Student_860,student860@gmail.com,13:06,15:04,118,118,98.333333,Certified
STU0851,Student_851,student851@gmail.com,13:16,15:14,118,118,98.333333,Certified
STU0486,Student_486,student486@gmail.com,13:15,15:13,118,118,98.333333,Certified
STU0449,Student_449,student449@gmail.com,13:05,15:03,118,118,98.333333,Certified
STU0006,Student_6,student6@gmail.com,13:09,15:07,118,118,98.333333,Certified
STU0206,Student_206,student206@gmail.com,13:01,14:59,118,118,98.333333,Certified
STU0149,Student_149,student149@gmail.com,13:09,15:07,118,118,98.333333,Certified
STU0402,Student_402,student402@gmail.com,13:10,15:08,118,118,98.333333,Certified
STU0339,Student_339,student339@gmail.com,13:17,15:15,118,118,98.333333,Certified
STU0426,Student_426,student426@gmail.com,13:19,15:17,118,118,98.333333,Certified
STU0107,Student_107,student107@gmail.com,13:19,15:17,118,118,98.333333,Certified
STU0599,Student_599,student599@gmail.com,13:05,15:03,118,118,98.333333,Certified
STU0587,Student_587,student587@gmail.com,13:08,15:06,118,118,98.333333,Certified
STU0593,Student_593,student593@gmail.com,13:05,15:03,118,118,98.333333,Certified
STU0527,Student_527,student527@gmail.com,13:14,15:12,118,118,98.333333,Certified
STU0530,Student_530,student530@gmail.com,13:02,15:00,118,118,98.333333,Certified
STU0120,Student_120,student120@gmail.com,13:05,15:03,118,118,98.333333,Certified
STU0757,Student_757,student757@gmail.com,13:20,15:18,118,118,98.333333,Certified
STU0628,Student_628,student628@gmail.com,13:10,15:08,118,118,98.333333,Certified
STU0042,Student_42,student42@gmail.com,13:13,15:11,118,118,98.333333,Certified
STU0926,Student_926,student926@gmail.com,13:10,15:08,118,118,98.333333,Certified
STU0831,Student_831,student831@gmail.com,13:11,15:09,118,118,98.333333,Certified
STU0763,Student_763,student763@gmail.com,13:09,15:07,118,118,98.333333,Certified
STU0118,Student_118,student118@gmail.com,13:20,15:18,118,118,98.333333,Certified
STU0611,Student_611,student611@gmail.com,13:12,15:10,118,118,98.333333,Certified
STU0547,Student_547,student547@gmail.com,13:15,15:13,118,118,98.333333,Certified
STU0723,Student_723,student723@gmail.com,13:15,15:13,118,118,98.333333,Certified
STU0089,Student_89,student89@gmail.com,13:06,15:04,118,118,98.333333,Certified
STU0094,Student_94,student94@gmail.com,13:15,15:13,118,118,98.333333,Certified
STU0661,Student_661,student661@gmail.com,13:10,15:08,118,118,98.333333,Certified
STU0748,Student_748,student748@gmail.com,13:01,14:59,118,118,98.333333,Certified
STU0740,Student_740,student740@gmail.com,13:18,15:16,118,118,98.333333,Certified
STU0846,Student_846,student846@gmail.com,13:17,15:14,117,117,97.5,Certified
STU0835,Student_835,student835@gmail.com,13:12,15:09,117,117,97.5,Certified
STU0176,Student_176,student176@gmail.com,13:07,15:04,117,117,97.5,Certified
STU0303,Student_303,student303@gmail.com,13:18,15:15,117,117,97.5,Certified
STU0185,Student_185,student185@gmail.com,13:03,15:00,117,117,97.5,Certified
STU0595,Student_595,student595@gmail.com,13:10,15:07,117,117,97.5,Certified
STU0751,Student_751,student751@gmail.com,13:10,15:07,117,117,97.5,Certified
STU0640,Student_640,student640@gmail.com,13:05,15:02,117,117,97.5,Certified
STU0702,Student_702,student702@gmail.com,13:19,15:16,117,117,97.5,Certified
STU0556,Student_556,student556@gmail.com,13:10,15:07,117,117,97.5,Certified
STU0417,Student_417,student417@gmail.com,13:17,15:14,117,117,97.5,Certified
STU0892,Student_892,student892@gmail.com,13:14,15:11,117,117,97.5,Certified
STU0899,Student_899,student899@gmail.com,13:01,14:58,117,117,97.5,Certified
STU0905,Student_905,student905@gmail.com,13:19,15:16,117,117,97.5,Certified
STU0848,Student_848,student848@gmail.com,13:07,15:04,117,117,97.5,Certified
STU0868,Student_868,student868@gmail.com,13:14,15:11,117,117,97.5,Certified
STU0924,Student_924,student924@gmail.com,13:20,15:17,117,117,97.5,Certified
STU0319,Student_319,student319@gmail.com,13:14,15:11,117,117,97.5,Certified
STU0272,Student_272,student272@gmail.com,13:04,15:01,117,117,97.5,Certified
STU0248,Student_248,student248@gmail.com,13:13,15:10,117,117,97.5,Certified
STU0618,Student_618,student618@gmail.com,13:14,15:11,117,117,97.5,Certified
STU0131,Student_131,student131@gmail.com,13:19,15:16,117,117,97.5,Certified
STU0422,Student_422,student422@gmail.com,13:18,15:15,117,117,97.5,Certified
STU0282,Student_282,student282@gmail.com,13:11,15:08,117,117,97.5,Certified
STU0412,Student_412,student412@gmail.com,13:10,15:07,117,117,97.5,Certified
STU0341,Student_341,student341@gmail.com,13:17,15:14,117,117,97.5,Certified
STU0432,Student_432,student432@gmail.com,13:20,15:17,117,117,97.5,Certified
STU0430,Student_430,student430@gmail.com,13:04,15:01,117,117,97.5,Certified
STU0980,Student_980,student980@gmail.com,13:17,15:13,116,116,96.666667,Certified
STU0812,Student_812,student812@gmail.com,13:14,15:10,116,116,96.666667,Certified
STU0837,Student_837,student837@gmail.com,13:03,14:59,116,116,96.666667,Certified
STU0830,Student_830,student830@gmail.com,13:08,15:04,116,116,96.666667,Certified
STU0036,Student_36,student36@gmail.com,13:13,15:09,116,116,96.666667,Certified
STU0033,Student_33,student33@gmail.com,13:16,15:12,116,116,96.666667,Certified
STU0793,Student_793,student793@gmail.com,13:09,15:05,116,116,96.666667,Certified
STU0061,Student_61,student61@gmail.com,13:00,14:56,116,116,96.666667,Certified
STU0817,Student_817,student817@gmail.com,13:19,15:15,116,116,96.666667,Certified
STU0515,Student_515,student515@gmail.com,13:01,14:57,116,116,96.666667,Certified
STU0114,Student_114,student114@gmail.com,13:07,15:03,116,116,96.666667,Certified
STU0616,Student_616,student616@gmail.com,13:10,15:06,116,116,96.666667,Certified
STU0580,Student_580,student580@gmail.com,13:10,15:06,116,116,96.666667,Certified
STU0563,Student_563,student563@gmail.com,13:08,15:04,116,116,96.666667,Certified
STU0621,Student_621,student621@gmail.com,13:17,15:13,116,116,96.666667,Certified
STU0068,Student_68,student68@gmail.com,13:03,14:59,116,116,96.666667,Certified
STU0687,Student_687,student687@gmail.com,13:19,15:15,116,116,96.666667,Certified
STU0650,Student_650,student650@gmail.com,13:15,15:11,116,116,96.666667,Certified
STU0645,Student_645,student645@gmail.com,13:01,14:57,116,116,96.666667,Certified
STU0637,Student_637,student637@gmail.com,13:16,15:12,116,116,96.666667,Certified
STU0634,Student_634,student634@gmail.com,13:04,15:00,116,116,96.666667,Certified
STU0632,Student_632,student632@gmail.com,13:06,15:02,116,116,96.666667,Certified
STU0731,Student_731,student731@gmail.com,13:08,15:04,116,116,96.666667,Certified
STU0736,Student_736,student736@gmail.com,13:16,15:12,116,116,96.666667,Certified
STU0541,Student_541,student541@gmail.com,13:01,14:57,116,116,96.666667,Certified
STU0528,Student_528,student528@gmail.com,13:15,15:11,116,116,96.666667,Certified
STU0108,Student_108,student108@gmail.com,13:12,15:08,116,116,96.666667,Certified
STU0424,Student_424,student424@gmail.com,13:09,15:05,116,116,96.666667,Certified
STU0466,Student_466,student466@gmail.com,13:01,14:57,116,116,96.666667,Certified
STU0380,Student_380,student380@gmail.com,13:10,15:06,116,116,96.666667,Certified
STU0159,Student_159,student159@gmail.com,13:04,15:00,116,116,96.666667,Certified
STU0414,Student_414,student414@gmail.com,13:20,15:16,116,116,96.666667,Certified
STU0378,Student_378,student378@gmail.com,13:18,15:14,116,116,96.666667,Certified
STU0262,Student_262,student262@gmail.com,13:20,15:16,116,116,96.666667,Certified
STU0192,Student_192,student192@gmail.com,13:09,15:05,116,116,96.666667,Certified
STU0245,Student_245,student245@gmail.com,13:14,15:10,116,116,96.666667,Certified
STU0211,Student_211,student211@gmail.com,13:17,15:13,116,116,96.666667,Certified
STU0216,Student_216,student216@gmail.com,13:06,15:02,116,116,96.666667,Certified
STU0026,Student_26,student26@gmail.com,13:10,15:05,115,115,95.833333,Certified
STU0024,Student_24,student24@gmail.com,13:02,14:57,115,115,95.833333,Certified
STU0225,Student_225,student225@gmail.com,13:04,14:59,115,115,95.833333,Certified
STU0500,Student_500,student500@gmail.com,13:15,15:10,115,115,95.833333,Certified
STU0558,Student_558,student558@gmail.com,13:14,15:09,115,115,95.833333,Certified
STU0217,Student_217,student217@gmail.com,13:20,15:15,115,115,95.833333,Certified
STU0204,Student_204,student204@gmail.com,13:15,15:10,115,115,95.833333,Certified
STU0914,Student_914,student914@gmail.com,13:18,15:13,115,115,95.833333,Certified
STU0903,Student_903,student903@gmail.com,13:03,14:58,115,115,95.833333,Certified
STU0900,Student_900,student900@gmail.com,13:13,15:08,115,115,95.833333,Certified
STU0568,Student_568,student568@gmail.com,13:04,14:59,115,115,95.833333,Certified
STU0552,Student_552,student552@gmail.com,13:13,15:08,115,115,95.833333,Certified
STU0803,Student_803,student803@gmail.com,13:18,15:13,115,115,95.833333,Certified
STU0464,Student_464,student464@gmail.com,13:06,15:01,115,115,95.833333,Certified
STU0257,Student_257,student257@gmail.com,13:12,15:07,115,115,95.833333,Certified
STU0242,Student_242,student242@gmail.com,13:07,15:02,115,115,95.833333,Certified
STU0254,Student_254,student254@gmail.com,13:08,15:03,115,115,95.833333,Certified
STU0187,Student_187,student187@gmail.com,13:00,14:55,115,115,95.833333,Certified
STU0297,Student_297,student297@gmail.com,13:00,14:55,115,115,95.833333,Certified
STU0758,Student_758,student758@gmail.com,13:08,15:03,115,115,95.833333,Certified
STU0314,Student_314,student314@gmail.com,13:18,15:13,115,115,95.833333,Certified
STU0379,Student_379,student379@gmail.com,13:20,15:15,115,115,95.833333,Certified
STU0153,Student_153,student153@gmail.com,13:01,14:56,115,115,95.833333,Certified
STU0155,Student_155,student155@gmail.com,13:07,15:02,115,115,95.833333,Certified
STU0295,Student_295,student295@gmail.com,13:19,15:14,115,115,95.833333,Certified
STU0398,Student_398,student398@gmail.com,13:10,15:05,115,115,95.833333,Certified
STU0635,Student_635,student635@gmail.com,13:09,15:04,115,115,95.833333,Certified
STU0780,Student_780,student780@gmail.com,13:03,14:58,115,115,95.833333,Certified
STU0945,Student_945,student945@gmail.com,13:19,15:14,115,115,95.833333,Certified
STU0147,Student_147,student147@gmail.com,13:12,15:06,114,114,95.0,Certified
STU0675,Student_675,student675@gmail.com,13:10,15:04,114,114,95.0,Certified
STU0769,Student_769,student769@gmail.com,13:03,14:57,114,114,95.0,Certified
STU0638,Student_638,student638@gmail.com,13:05,14:59,114,114,95.0,Certified
STU0292,Student_292,student292@gmail.com,13:08,15:02,114,114,95.0,Certified
STU0866,Student_866,student866@gmail.com,13:14,15:08,114,114,95.0,Certified
STU0255,Student_255,student255@gmail.com,13:20,15:14,114,114,95.0,Certified
STU0828,Student_828,student828@gmail.com,13:09,15:03,114,114,95.0,Certified
STU0614,Student_614,student614@gmail.com,13:13,15:07,114,114,95.0,Certified
STU0815,Student_815,student815@gmail.com,13:09,15:03,114,114,95.0,Certified
STU0795,Student_795,student795@gmail.com,13:20,15:14,114,114,95.0,Certified
STU0090,Student_90,student90@gmail.com,13:07,15:01,114,114,95.0,Certified
STU0385,Student_385,student385@gmail.com,13:08,15:02,114,114,95.0,Certified
STU0152,Student_152,student152@gmail.com,13:00,14:54,114,114,95.0,Certified
STU0734,Student_734,student734@gmail.com,13:01,14:55,114,114,95.0,Certified
STU0978,Student_978,student978@gmail.com,13:12,15:06,114,114,95.0,Certified
STU0127,Student_127,student127@gmail.com,13:13,15:07,114,114,95.0,Certified
STU0220,Student_220,student220@gmail.com,13:04,14:58,114,114,95.0,Certified
STU0577,Student_577,student577@gmail.com,13:02,14:56,114,114,95.0,Certified
STU0035,Student_35,student35@gmail.com,13:05,14:59,114,114,95.0,Certified
STU0920,Student_920,student920@gmail.com,13:17,15:11,114,114,95.0,Certified
STU0148,Student_148,student148@gmail.com,13:11,15:05,114,114,95.0,Certified
STU0695,Student_695,student695@gmail.com,13:01,14:55,114,114,95.0,Certified
STU0030,Student_30,student30@gmail.com,13:08,15:02,114,114,95.0,Certified
STU0720,Student_720,student720@gmail.com,13:09,15:03,114,114,95.0,Certified
STU0201,Student_201,student201@gmail.com,13:13,15:07,114,114,95.0,Certified
STU0974,Student_974,student974@gmail.com,13:18,15:12,114,114,95.0,Certified
STU0507,Student_507,student507@gmail.com,13:07,15:01,114,114,95.0,Certified
STU0872,Student_872,student872@gmail.com,13:06,15:00,114,114,95.0,Certified
STU0934,Student_934,student934@gmail.com,13:01,14:54,113,113,94.166667,Certified
STU0511,Student_511,student511@gmail.com,13:16,15:09,113,113,94.166667,Certified
STU0961,Student_961,student961@gmail.com,13:14,15:07,113,113,94.166667,Certified
STU0973,Student_973,student973@gmail.com,13:08,15:01,113,113,94.166667,Certified
STU0942,Student_942,student942@gmail.com,13:02,14:55,113,113,94.166667,Certified
STU0958,Student_958,student958@gmail.com,13:07,15:00,113,113,94.166667,Certified
STU0296,Student_296,student296@gmail.com,13:20,15:13,113,113,94.166667,Certified
STU0022,Student_22,student22@gmail.com,13:16,15:09,113,113,94.166667,Certified
STU0084,Student_84,student84@gmail.com,13:14,15:07,113,113,94.166667,Certified
STU0086,Student_86,student86@gmail.com,13:10,15:03,113,113,94.166667,Certified
STU0875,Student_875,student875@gmail.com,13:02,14:55,113,113,94.166667,Certified
STU0697,Student_697,student697@gmail.com,13:11,15:04,113,113,94.166667,Certified
STU0706,Student_706,student706@gmail.com,13:10,15:03,113,113,94.166667,Certified
STU0777,Student_777,student777@gmail.com,13:06,14:59,113,113,94.166667,Certified
STU0395,Student_395,student395@gmail.com,13:18,15:11,113,113,94.166667,Certified
STU0778,Student_778,student778@gmail.com,13:08,15:01,113,113,94.166667,Certified
STU0856,Student_856,student856@gmail.com,13:18,15:11,113,113,94.166667,Certified
STU0867,Student_867,student867@gmail.com,13:01,14:54,113,113,94.166667,Certified
STU0177,Student_177,student177@gmail.com,13:12,15:05,113,113,94.166667,Certified
STU0279,Student_279,student279@gmail.com,13:18,15:11,113,113,94.166667,Certified
STU0492,Student_492,student492@gmail.com,13:04,14:57,113,113,94.166667,Certified
STU0536,Student_536,student536@gmail.com,13:12,15:05,113,113,94.166667,Certified
STU0750,Student_750,student750@gmail.com,13:06,14:59,113,113,94.166667,Certified
STU0259,Student_259,student259@gmail.com,13:14,15:06,112,112,93.333333,Certified
STU0340,Student_340,student340@gmail.com,13:07,14:59,112,112,93.333333,Certified
STU0721,Student_721,student721@gmail.com,13:10,15:02,112,112,93.333333,Certified
STU0512,Student_512,student512@gmail.com,13:16,15:08,112,112,93.333333,Certified
STU0509,Student_509,student509@gmail.com,13:02,14:54,112,112,93.333333,Certified
STU0936,Student_936,student936@gmail.com,13:17,15:09,112,112,93.333333,Certified
STU0709,Student_709,student709@gmail.com,13:19,15:11,112,112,93.333333,Certified
STU0362,Student_362,student362@gmail.com,13:02,14:54,112,112,93.333333,Certified
STU0070,Student_70,student70@gmail.com,13:09,15:01,112,112,93.333333,Certified
STU0699,Student_699,student699@gmail.com,13:12,15:04,112,112,93.333333,Certified
STU0076,Student_76,student76@gmail.com,13:19,15:11,112,112,93.333333,Certified
STU0169,Student_169,student169@gmail.com,13:16,15:08,112,112,93.333333,Certified
STU0808,Student_808,student808@gmail.com,13:04,14:56,112,112,93.333333,Certified
STU0403,Student_403,student403@gmail.com,13:02,14:54,112,112,93.333333,Certified
STU0364,Student_364,student364@gmail.com,13:16,15:08,112,112,93.333333,Certified
STU0749,Student_749,student749@gmail.com,13:04,14:56,112,112,93.333333,Certified
STU0752,Student_752,student752@gmail.com,13:15,15:07,112,112,93.333333,Certified
STU0433,Student_433,student433@gmail.com,13:13,15:05,112,112,93.333333,Certified
STU0286,Student_286,student286@gmail.com,13:18,15:10,112,112,93.333333,Certified
STU0566,Student_566,student566@gmail.com,13:11,15:03,112,112,93.333333,Certified
STU0049,Student_49,student49@gmail.com,13:12,15:04,112,112,93.333333,Certified
STU0601,Student_601,student601@gmail.com,13:11,15:03,112,112,93.333333,Certified
STU0462,Student_462,student462@gmail.com,13:16,15:08,112,112,93.333333,Certified
STU0535,Student_535,student535@gmail.com,13:09,15:01,112,112,93.333333,Certified
STU0964,Student_964,student964@gmail.com,13:11,15:03,112,112,93.333333,Certified
STU0126,Student_126,student126@gmail.com,13:07,14:59,112,112,93.333333,Certified
STU0493,Student_493,student493@gmail.com,13:19,15:11,112,112,93.333333,Certified
STU0472,Student_472,student472@gmail.com,13:14,15:06,112,112,93.333333,Certified
STU0862,Student_862,student862@gmail.com,13:02,14:54,112,112,93.333333,Certified
STU0239,Student_239,student239@gmail.com,13:11,15:03,112,112,93.333333,Certified
STU0399,Student_399,student399@gmail.com,13:15,15:07,112,112,93.333333,Certified
STU0407,Student_407,student407@gmail.com,13:16,15:08,112,112,93.333333,Certified
STU0241,Student_241,student241@gmail.com,13:14,15:06,112,112,93.333333,Certified
STU0612,Student_612,student612@gmail.com,13:15,15:07,112,112,93.333333,Certified
STU0625,Student_625,student625@gmail.com,13:03,14:55,112,112,93.333333,Certified
STU0098,Student_98,student98@gmail.com,13:04,14:56,112,112,93.333333,Certified
STU0101,Student_101,student101@gmail.com,13:03,14:55,112,112,93.333333,Certified
STU0327,Student_327,student327@gmail.com,13:18,15:09,111,111,92.5,Certified
STU0072,Student_72,student72@gmail.com,13:15,15:06,111,111,92.5,Certified
STU0822,Student_822,student822@gmail.com,13:04,14:55,111,111,92.5,Certified
STU0845,Student_845,student845@gmail.com,13:17,15:08,111,111,92.5,Certified
STU0105,Student_105,student105@gmail.com,13:02,14:53,111,111,92.5,Certified
STU0186,Student_186,student186@gmail.com,13:07,14:58,111,111,92.5,Certified
STU0922,Student_922,student922@gmail.com,13:17,15:08,111,111,92.5,Certified
STU0457,Student_457,student457@gmail.com,13:09,15:00,111,111,92.5,Certified
STU0514,Student_514,student514@gmail.com,13:12,15:03,111,111,92.5,Certified
STU0583,Student_583,student583@gmail.com,13:05,14:56,111,111,92.5,Certified
STU0861,Student_861,student861@gmail.com,13:18,15:09,111,111,92.5,Certified
STU0604,Student_604,student604@gmail.com,13:07,14:58,111,111,92.5,Certified
STU0979,Student_979,student979@gmail.com,13:07,14:58,111,111,92.5,Certified
STU0003,Student_3,student3@gmail.com,13:19,15:10,111,111,92.5,Certified
STU0320,Student_320,student320@gmail.com,13:13,15:04,111,111,92.5,Certified
STU0713,Student_713,student713@gmail.com,13:10,15:01,111,111,92.5,Certified
STU0686,Student_686,student686@gmail.com,13:09,15:00,111,111,92.5,Certified
STU0145,Student_145,student145@gmail.com,13:12,15:03,111,111,92.5,Certified
STU0807,Student_807,student807@gmail.com,13:16,15:07,111,111,92.5,Certified
STU0171,Student_171,student171@gmail.com,13:08,14:59,111,111,92.5,Certified
STU0747,Student_747,student747@gmail.com,13:19,15:10,111,111,92.5,Certified
STU0677,Student_677,student677@gmail.com,13:05,14:56,111,111,92.5,Certified
STU0002,Student_2,student2@gmail.com,13:13,15:03,110,110,91.666667,Certified
STU0965,Student_965,student965@gmail.com,13:15,15:05,110,110,91.666667,Certified
STU0208,Student_208,student208@gmail.com,13:14,15:04,110,110,91.666667,Certified
STU0904,Student_904,student904@gmail.com,13:01,14:51,110,110,91.666667,Certified
STU0191,Student_191,student191@gmail.com,13:20,15:10,110,110,91.666667,Certified
STU0488,Student_488,student488@gmail.com,13:15,15:05,110,110,91.666667,Certified
STU0453,Student_453,student453@gmail.com,13:07,14:57,110,110,91.666667,Certified
STU0459,Student_459,student459@gmail.com,13:18,15:08,110,110,91.666667,Certified
STU0576,Student_576,student576@gmail.com,13:11,15:01,110,110,91.666667,Certified
STU0592,Student_592,student592@gmail.com,13:02,14:52,110,110,91.666667,Certified
STU0396,Student_396,student396@gmail.com,13:01,14:51,110,110,91.666667,Certified
STU0669,Student_669,student669@gmail.com,13:08,14:58,110,110,91.666667,Certified
STU0394,Student_394,student394@gmail.com,13:12,15:02,110,110,91.666667,Certified
STU0658,Student_658,student658@gmail.com,13:15,15:05,110,110,91.666667,Certified
STU0607,Student_607,student607@gmail.com,13:11,15:01,110,110,91.666667,Certified
STU0617,Student_617,student617@gmail.com,13:02,14:52,110,110,91.666667,Certified
STU0850,Student_850,student850@gmail.com,13:16,15:06,110,110,91.666667,Certified
STU0181,Student_181,student181@gmail.com,13:03,14:53,110,110,91.666667,Certified
STU0134,Student_134,student134@gmail.com,13:07,14:57,110,110,91.666667,Certified
STU0805,Student_805,student805@gmail.com,13:09,14:59,110,110,91.666667,Certified
STU0406,Student_406,student406@gmail.com,13:14,15:04,110,110,91.666667,Certified
STU0137,Student_137,student137@gmail.com,13:00,14:50,110,110,91.666667,Certified
STU0388,Student_388,student388@gmail.com,13:09,14:59,110,110,91.666667,Certified
STU0161,Student_161,student161@gmail.com,13:09,14:59,110,110,91.666667,Certified
STU0321,Student_321,student321@gmail.com,13:19,15:09,110,110,91.666667,Certified
STU0678,Student_678,student678@gmail.com,13:16,15:06,110,110,91.666667,Certified
STU0377,Student_377,student377@gmail.com,13:18,15:08,110,110,91.666667,Certified
STU0383,Student_383,student383@gmail.com,13:15,15:05,110,110,91.666667,Certified
STU0682,Student_682,student682@gmail.com,13:16,15:06,110,110,91.666667,Certified
STU0345,Student_345,student345@gmail.com,13:00,14:50,110,110,91.666667,Certified
STU0023,Student_23,student23@gmail.com,13:15,15:05,110,110,91.666667,Certified
STU0353,Student_353,student353@gmail.com,13:19,15:09,110,110,91.666667,Certified
STU0073,Student_73,student73@gmail.com,13:07,14:57,110,110,91.666667,Certified
STU0067,Student_67,student67@gmail.com,13:03,14:53,110,110,91.666667,Certified
STU0714,Student_714,student714@gmail.com,13:16,15:06,110,110,91.666667,Certified
STU0119,Student_119,student119@gmail.com,13:03,14:53,110,110,91.666667,Certified
STU0933,Student_933,student933@gmail.com,13:04,14:54,110,110,91.666667,Certified
STU0199,Student_199,student199@gmail.com,13:12,15:02,110,110,91.666667,Certified
STU0202,Student_202,student202@gmail.com,13:04,14:53,109,109,90.833333,Certified
STU0116,Student_116,student116@gmail.com,13:02,14:51,109,109,90.833333,Certified
STU0347,Student_347,student347@gmail.com,13:18,15:07,109,109,90.833333,Certified
STU0325,Student_325,student325@gmail.com,13:11,15:00,109,109,90.833333,Certified
STU0745,Student_745,student745@gmail.com,13:06,14:55,109,109,90.833333,Certified
STU0744,Student_744,student744@gmail.com,13:04,14:53,109,109,90.833333,Certified
STU0309,Student_309,student309@gmail.com,13:12,15:01,109,109,90.833333,Certified
STU0727,Student_727,student727@gmail.com,13:03,14:52,109,109,90.833333,Certified
STU0344,Student_344,student344@gmail.com,13:01,14:50,109,109,90.833333,Certified
STU0743,Student_743,student743@gmail.com,13:10,14:59,109,109,90.833333,Certified
STU0356,Student_356,student356@gmail.com,13:07,14:56,109,109,90.833333,Certified
STU0690,Student_690,student690@gmail.com,13:03,14:52,109,109,90.833333,Certified
STU0103,Student_103,student103@gmail.com,13:04,14:53,109,109,90.833333,Certified
STU0865,Student_865,student865@gmail.com,13:16,15:05,109,109,90.833333,Certified
STU0476,Student_476,student476@gmail.com,13:00,14:49,109,109,90.833333,Certified
STU0878,Student_878,student878@gmail.com,13:09,14:58,109,109,90.833333,Certified
STU0025,Student_25,student25@gmail.com,13:01,14:50,109,109,90.833333,Certified
STU0260,Student_260,student260@gmail.com,13:19,15:08,109,109,90.833333,Certified
STU0065,Student_65,student65@gmail.com,13:17,15:06,109,109,90.833333,Certified
STU0275,Student_275,student275@gmail.com,13:02,14:51,109,109,90.833333,Certified
STU0648,Student_648,student648@gmail.com,13:18,15:07,109,109,90.833333,Certified
STU0142,Student_142,student142@gmail.com,13:20,15:09,109,109,90.833333,Certified
STU0623,Student_623,student623@gmail.com,13:04,14:53,109,109,90.833333,Certified
STU0818,Student_818,student818@gmail.com,13:12,15:01,109,109,90.833333,Certified
STU0281,Student_281,student281@gmail.com,13:03,14:52,109,109,90.833333,Certified
STU0657,Student_657,student657@gmail.com,13:14,15:03,109,109,90.833333,Certified
STU0927,Student_927,student927@gmail.com,13:13,15:02,109,109,90.833333,Certified
STU0881,Student_881,student881@gmail.com,13:20,15:09,109,109,90.833333,Certified
STU0293,Student_293,student293@gmail.com,13:07,14:56,109,109,90.833333,Certified
STU0338,Student_338,student338@gmail.com,13:04,14:52,108,108,90.0,Certified
STU0960,Student_960,student960@gmail.com,13:09,14:57,108,108,90.0,Certified
STU0694,Student_694,student694@gmail.com,13:01,14:49,108,108,90.0,Certified
STU0357,Student_357,student357@gmail.com,13:18,15:06,108,108,90.0,Certified
STU0428,Student_428,student428@gmail.com,13:17,15:05,108,108,90.0,Certified
STU0718,Student_718,student718@gmail.com,13:05,14:53,108,108,90.0,Certified
STU0247,Student_247,student247@gmail.com,13:15,15:03,108,108,90.0,Certified
STU0584,Student_584,student584@gmail.com,13:16,15:04,108,108,90.0,Certified
STU0479,Student_479,student479@gmail.com,13:07,14:55,108,108,90.0,Certified
STU0447,Student_447,student447@gmail.com,13:19,15:07,108,108,90.0,Certified
STU0267,Student_267,student267@gmail.com,13:14,15:02,108,108,90.0,Certified
STU0130,Student_130,student130@gmail.com,13:19,15:07,108,108,90.0,Certified
STU0095,Student_95,student95@gmail.com,13:12,15:00,108,108,90.0,Certified
STU0410,Student_410,student410@gmail.com,13:09,14:57,108,108,90.0,Certified
STU0957,Student_957,student957@gmail.com,13:06,14:54,108,108,90.0,Certified
STU0110,Student_110,student110@gmail.com,13:17,15:05,108,108,90.0,Certified
STU0572,Student_572,student572@gmail.com,13:11,14:59,108,108,90.0,Certified
STU0183,Student_183,student183@gmail.com,13:18,15:06,108,108,90.0,Certified
STU0820,Student_820,student820@gmail.com,13:02,14:50,108,108,90.0,Certified
STU0882,Student_882,student882@gmail.com,13:11,14:59,108,108,90.0,Certified
STU0477,Student_477,student477@gmail.com,13:01,14:49,108,108,90.0,Certified
STU0544,Student_544,student544@gmail.com,13:13,15:01,108,108,90.0,Certified
STU0888,Student_888,student888@gmail.com,13:17,15:05,108,108,90.0,Certified
STU0545,Student_545,student545@gmail.com,13:14,15:02,108,108,90.0,Certified
STU0883,Student_883,student883@gmail.com,13:14,15:02,108,108,90.0,Certified
STU0681,Student_681,student681@gmail.com,13:02,14:50,108,108,90.0,Certified
STU0663,Student_663,student663@gmail.com,13:11,14:59,108,108,90.0,Certified
STU0672,Student_672,student672@gmail.com,13:09,14:57,108,108,90.0,Certified
STU0799,Student_799,student799@gmail.com,13:01,14:49,108,108,90.0,Certified
STU0770,Student_770,student770@gmail.com,13:17,15:05,108,108,90.0,Certified
STU0843,Student_843,student843@gmail.com,13:19,15:06,107,107,89.166667,Certified
STU0053,Student_53,student53@gmail.com,13:16,15:03,107,107,89.166667,Certified
STU0271,Student_271,student271@gmail.com,13:08,14:55,107,107,89.166667,Certified
STU0140,Student_140,student140@gmail.com,13:14,15:01,107,107,89.166667,Certified
STU0085,Student_85,student85@gmail.com,13:15,15:02,107,107,89.166667,Certified
STU0386,Student_386,student386@gmail.com,13:01,14:48,107,107,89.166667,Certified
STU0366,Student_366,student366@gmail.com,13:11,14:58,107,107,89.166667,Certified
STU0705,Student_705,student705@gmail.com,13:12,14:59,107,107,89.166667,Certified
STU0756,Student_756,student756@gmail.com,13:17,15:04,107,107,89.166667,Certified
STU0506,Student_506,student506@gmail.com,13:19,15:06,107,107,89.166667,Certified
STU0124,Student_124,student124@gmail.com,13:11,14:58,107,107,89.166667,Certified
STU0941,Student_941,student941@gmail.com,13:14,15:01,107,107,89.166667,Certified
STU0575,Student_575,student575@gmail.com,13:14,15:01,107,107,89.166667,Certified
STU0184,Student_184,student184@gmail.com,13:20,15:07,107,107,89.166667,Certified
STU0467,Student_467,student467@gmail.com,13:15,15:02,107,107,89.166667,Certified
STU0478,Student_478,student478@gmail.com,13:16,15:03,107,107,89.166667,Certified
STU0475,Student_475,student475@gmail.com,13:14,15:01,107,107,89.166667,Certified
STU0962,Student_962,student962@gmail.com,13:20,15:07,107,107,89.166667,Certified
STU0548,Student_548,student548@gmail.com,13:15,15:02,107,107,89.166667,Certified
STU0524,Student_524,student524@gmail.com,13:01,14:48,107,107,89.166667,Certified
STU0540,Student_540,student540@gmail.com,13:09,14:56,107,107,89.166667,Certified
STU0209,Student_209,student209@gmail.com,13:07,14:54,107,107,89.166667,Certified
STU0038,Student_38,student38@gmail.com,13:15,15:02,107,107,89.166667,Certified
STU0886,Student_886,student886@gmail.com,13:20,15:07,107,107,89.166667,Certified
STU0896,Student_896,student896@gmail.com,13:14,15:01,107,107,89.166667,Certified
STU0518,Student_518,student518@gmail.com,13:00,14:47,107,107,89.166667,Certified
STU0838,Student_838,student838@gmail.com,13:09,14:56,107,107,89.166667,Certified
STU0452,Student_452,student452@gmail.com,13:13,15:00,107,107,89.166667,Certified
STU0458,Student_458,student458@gmail.com,13:06,14:53,107,107,89.166667,Certified
STU0480,Student_480,student480@gmail.com,13:02,14:49,107,107,89.166667,Certified
STU0923,Student_923,student923@gmail.com,13:01,14:48,107,107,89.166667,Certified
STU0684,Student_684,student684@gmail.com,13:18,15:05,107,107,89.166667,Certified
STU0693,Student_693,student693@gmail.com,13:12,14:59,107,107,89.166667,Certified
STU0168,Student_168,student168@gmail.com,13:17,15:04,107,107,89.166667,Certified
STU0409,Student_409,student409@gmail.com,13:11,14:58,107,107,89.166667,Certified
STU0290,Student_290,student290@gmail.com,13:17,15:04,107,107,89.166667,Certified
STU0766,Student_766,student766@gmail.com,13:15,15:02,107,107,89.166667,Certified
STU0619,Student_619,student619@gmail.com,13:16,15:03,107,107,89.166667,Certified
STU0560,Student_560,student560@gmail.com,13:14,15:01,107,107,89.166667,Certified
STU0423,Student_423,student423@gmail.com,13:04,14:51,107,107,89.166667,Certified
STU0629,Student_629,student629@gmail.com,13:07,14:54,107,107,89.166667,Certified
STU0390,Student_390,student390@gmail.com,13:01,14:48,107,107,89.166667,Certified
STU0774,Student_774,student774@gmail.com,13:02,14:49,107,107,89.166667,Certified
STU0079,Student_79,student79@gmail.com,13:13,14:59,106,106,88.333333,Certified
STU0939,Student_939,student939@gmail.com,13:06,14:52,106,106,88.333333,Certified
STU0334,Student_334,student334@gmail.com,13:09,14:55,106,106,88.333333,Certified
STU0753,Student_753,student753@gmail.com,13:12,14:58,106,106,88.333333,Certified
STU0717,Student_717,student717@gmail.com,13:19,15:05,106,106,88.333333,Certified
STU0346,Student_346,student346@gmail.com,13:02,14:48,106,106,88.333333,Certified
STU0913,Student_913,student913@gmail.com,13:18,15:04,106,106,88.333333,Certified
STU0534,Student_534,student534@gmail.com,13:01,14:47,106,106,88.333333,Certified
STU0188,Student_188,student188@gmail.com,13:17,15:03,106,106,88.333333,Certified
STU0041,Student_41,student41@gmail.com,13:05,14:51,106,106,88.333333,Certified
STU0224,Student_224,student224@gmail.com,13:07,14:53,106,106,88.333333,Certified
STU0251,Student_251,student251@gmail.com,13:02,14:48,106,106,88.333333,Certified
STU0827,Student_827,student827@gmail.com,13:08,14:54,106,106,88.333333,Certified
STU0483,Student_483,student483@gmail.com,13:20,15:06,106,106,88.333333,Certified
STU0270,Student_270,student270@gmail.com,13:13,14:59,106,106,88.333333,Certified
STU0266,Student_266,student266@gmail.com,13:13,14:59,106,106,88.333333,Certified
STU0642,Student_642,student642@gmail.com,13:19,15:05,106,106,88.333333,Certified
STU0969,Student_969,student969@gmail.com,13:11,14:57,106,106,88.333333,Certified
STU0039,Student_39,student39@gmail.com,13:13,14:59,106,106,88.333333,Certified
STU0726,Student_726,student726@gmail.com,13:11,14:57,106,106,88.333333,Certified
STU0109,Student_109,student109@gmail.com,13:02,14:48,106,106,88.333333,Certified
STU0106,Student_106,student106@gmail.com,13:08,14:54,106,106,88.333333,Certified
STU0165,Student_165,student165@gmail.com,13:09,14:55,106,106,88.333333,Certified
STU0819,Student_819,student819@gmail.com,13:16,15:02,106,106,88.333333,Certified
STU0088,Student_88,student88@gmail.com,13:14,15:00,106,106,88.333333,Certified
STU0792,Student_792,student792@gmail.com,13:09,14:55,106,106,88.333333,Certified
STU0300,Student_300,student300@gmail.com,13:09,14:55,106,106,88.333333,Certified
STU0804,Student_804,student804@gmail.com,13:03,14:49,106,106,88.333333,Certified
STU0659,Student_659,student659@gmail.com,13:06,14:52,106,106,88.333333,Certified
STU0765,Student_765,student765@gmail.com,13:15,15:01,106,106,88.333333,Certified
STU0280,Student_280,student280@gmail.com,13:17,15:03,106,106,88.333333,Certified
STU0429,Student_429,student429@gmail.com,13:20,15:06,106,106,88.333333,Certified
STU0269,Student_269,student269@gmail.com,13:03,14:49,106,106,88.333333,Certified
STU0359,Student_359,student359@gmail.com,13:12,14:57,105,105,87.5,Certified
STU0195,Student_195,student195@gmail.com,13:01,14:46,105,105,87.5,Certified
STU0928,Student_928,student928@gmail.com,13:04,14:49,105,105,87.5,Certified
STU0975,Student_975,student975@gmail.com,13:13,14:58,105,105,87.5,Certified
STU0504,Student_504,student504@gmail.com,13:04,14:49,105,105,87.5,Certified
STU0384,Student_384,student384@gmail.com,13:20,15:05,105,105,87.5,Certified
STU0081,Student_81,student81@gmail.com,13:00,14:45,105,105,87.5,Certified
STU0762,Student_762,student762@gmail.com,13:07,14:52,105,105,87.5,Certified
STU0326,Student_326,student326@gmail.com,13:03,14:48,105,105,87.5,Certified
STU0154,Student_154,student154@gmail.com,13:15,15:00,105,105,87.5,Certified
STU0951,Student_951,student951@gmail.com,13:10,14:55,105,105,87.5,Certified
STU0728,Student_728,student728@gmail.com,13:18,15:03,105,105,87.5,Certified
STU0724,Student_724,student724@gmail.com,13:18,15:03,105,105,87.5,Certified
STU0427,Student_427,student427@gmail.com,13:02,14:47,105,105,87.5,Certified
STU0768,Student_768,student768@gmail.com,13:08,14:53,105,105,87.5,Certified
STU0688,Student_688,student688@gmail.com,13:15,15:00,105,105,87.5,Certified
STU0679,Student_679,student679@gmail.com,13:15,15:00,105,105,87.5,Certified
STU0802,Student_802,student802@gmail.com,13:00,14:45,105,105,87.5,Certified
STU0652,Student_652,student652@gmail.com,13:20,15:05,105,105,87.5,Certified
STU0418,Student_418,student418@gmail.com,13:12,14:57,105,105,87.5,Certified
STU0654,Student_654,student654@gmail.com,13:12,14:57,105,105,87.5,Certified
STU0435,Student_435,student435@gmail.com,13:11,14:56,105,105,87.5,Certified
STU0058,Student_58,student58@gmail.com,13:04,14:49,105,105,87.5,Certified
STU0063,Student_63,student63@gmail.com,13:05,14:50,105,105,87.5,Certified
STU0141,Student_141,student141@gmail.com,13:18,15:03,105,105,87.5,Certified
STU0651,Student_651,student651@gmail.com,13:17,15:02,105,105,87.5,Certified
STU0244,Student_244,student244@gmail.com,13:16,15:01,105,105,87.5,Certified
STU0485,Student_485,student485@gmail.com,13:01,14:46,105,105,87.5,Certified
STU0258,Student_258,student258@gmail.com,13:16,15:01,105,105,87.5,Certified
STU0598,Student_598,student598@gmail.com,13:09,14:54,105,105,87.5,Certified
STU0454,Student_454,student454@gmail.com,13:19,15:04,105,105,87.5,Certified
STU0557,Student_557,student557@gmail.com,13:09,14:54,105,105,87.5,Certified
STU0043,Student_43,student43@gmail.com,13:15,15:00,105,105,87.5,Certified
STU0918,Student_918,student918@gmail.com,13:13,14:58,105,105,87.5,Certified
STU0005,Student_5,student5@gmail.com,13:07,14:52,105,105,87.5,Certified
STU0017,Student_17,student17@gmail.com,13:18,15:03,105,105,87.5,Certified
STU0015,Student_15,student15@gmail.com,13:05,14:50,105,105,87.5,Certified
STU0008,Student_8,student8@gmail.com,13:07,14:51,104,104,86.666667,Certified
STU0213,Student_213,student213@gmail.com,13:12,14:56,104,104,86.666667,Certified
STU0205,Student_205,student205@gmail.com,13:13,14:57,104,104,86.666667,Certified
STU0549,Student_549,student549@gmail.com,13:16,15:00,104,104,86.666667,Certified
STU0537,Student_537,student537@gmail.com,13:15,14:59,104,104,86.666667,Certified
STU0542,Student_542,student542@gmail.com,13:10,14:54,104,104,86.666667,Certified
STU0034,Student_34,student34@gmail.com,13:14,14:58,104,104,86.666667,Certified
STU0897,Student_897,student897@gmail.com,13:04,14:48,104,104,86.666667,Certified
STU0226,Student_226,student226@gmail.com,13:00,14:44,104,104,86.666667,Certified
STU0228,Student_228,student228@gmail.com,13:17,15:01,104,104,86.666667,Certified
STU0471,Student_471,student471@gmail.com,13:05,14:49,104,104,86.666667,Certified
STU0047,Student_47,student47@gmail.com,13:10,14:54,104,104,86.666667,Certified
STU0701,Student_701,student701@gmail.com,13:17,15:01,104,104,86.666667,Certified
STU0369,Student_369,student369@gmail.com,13:04,14:48,104,104,86.666667,Certified
STU0938,Student_938,student938@gmail.com,13:07,14:51,104,104,86.666667,Certified
STU0318,Student_318,student318@gmail.com,13:02,14:46,104,104,86.666667,Certified
STU0809,Student_809,student809@gmail.com,13:14,14:58,104,104,86.666667,Certified
STU0633,Student_633,student633@gmail.com,13:17,15:01,104,104,86.666667,Certified
STU0299,Student_299,student299@gmail.com,13:05,14:49,104,104,86.666667,Certified
STU0135,Student_135,student135@gmail.com,13:20,15:04,104,104,86.666667,Certified
STU0136,Student_136,student136@gmail.com,13:14,14:58,104,104,86.666667,Certified
STU0631,Student_631,student631@gmail.com,13:02,14:46,104,104,86.666667,Certified
STU0080,Student_80,student80@gmail.com,13:16,15:00,104,104,86.666667,Certified
STU0760,Student_760,student760@gmail.com,13:07,14:51,104,104,86.666667,Certified
STU0691,Student_691,student691@gmail.com,13:04,14:48,104,104,86.666667,Certified
STU0158,Student_158,student158@gmail.com,13:19,15:03,104,104,86.666667,Certified
STU0963,Student_963,student963@gmail.com,13:09,14:53,104,104,86.666667,Certified
STU0455,Student_455,student455@gmail.com,13:14,14:57,103,103,85.833333,Certified
STU0784,Student_784,student784@gmail.com,13:20,15:03,103,103,85.833333,Certified
STU0781,Student_781,student781@gmail.com,13:18,15:01,103,103,85.833333,Certified
STU0839,Student_839,student839@gmail.com,13:19,15:02,103,103,85.833333,Certified
STU0028,Student_28,student28@gmail.com,13:02,14:45,103,103,85.833333,Certified
STU0977,Student_977,student977@gmail.com,13:10,14:53,103,103,85.833333,Certified
STU0066,Student_66,student66@gmail.com,13:02,14:45,103,103,85.833333,Certified
STU0955,Student_955,student955@gmail.com,13:15,14:58,103,103,85.833333,Certified
STU0329,Student_329,student329@gmail.com,13:01,14:44,103,103,85.833333,Certified
STU0667,Student_667,student667@gmail.com,13:10,14:53,103,103,85.833333,Certified
STU0360,Student_360,student360@gmail.com,13:10,14:53,103,103,85.833333,Certified
STU0265,Student_265,student265@gmail.com,13:14,14:57,103,103,85.833333,Certified
STU0474,Student_474,student474@gmail.com,13:02,14:45,103,103,85.833333,Certified
STU0901,Student_901,student901@gmail.com,13:00,14:43,103,103,85.833333,Certified
STU0906,Student_906,student906@gmail.com,13:01,14:44,103,103,85.833333,Certified
STU0823,Student_823,student823@gmail.com,13:10,14:53,103,103,85.833333,Certified
STU0091,Student_91,student91@gmail.com,13:12,14:55,103,103,85.833333,Certified
STU0495,Student_495,student495@gmail.com,13:09,14:52,103,103,85.833333,Certified
STU0497,Student_497,student497@gmail.com,13:01,14:44,103,103,85.833333,Certified
STU0115,Student_115,student115@gmail.com,13:09,14:52,103,103,85.833333,Certified
STU0915,Student_915,student915@gmail.com,13:10,14:53,103,103,85.833333,Certified
STU0917,Student_917,student917@gmail.com,13:16,14:59,103,103,85.833333,Certified
STU0581,Student_581,student581@gmail.com,13:08,14:51,103,103,85.833333,Certified
STU0503,Student_503,student503@gmail.com,13:18,15:01,103,103,85.833333,Certified
STU0219,Student_219,student219@gmail.com,13:10,14:53,103,103,85.833333,Certified
STU0971,Student_971,student971@gmail.com,13:18,15:01,103,103,85.833333,Certified
STU0197,Student_197,student197@gmail.com,13:03,14:46,103,103,85.833333,Certified
STU0783,Student_783,student783@gmail.com,13:16,14:59,103,103,85.833333,Certified
STU0653,Student_653,student653@gmail.com,13:15,14:58,103,103,85.833333,Certified
STU0405,Student_405,student405@gmail.com,13:01,14:44,103,103,85.833333,Certified
STU0062,Student_62,student62@gmail.com,13:19,15:02,103,103,85.833333,Certified
STU0931,Student_931,student931@gmail.com,13:07,14:50,103,103,85.833333,Certified
STU0011,Student_11,student11@gmail.com,13:17,15:00,103,103,85.833333,Certified
STU0539,Student_539,student539@gmail.com,13:20,15:02,102,102,85.0,Certified
STU0532,Student_532,student532@gmail.com,13:09,14:51,102,102,85.0,Certified
STU0588,Student_588,student588@gmail.com,13:14,14:56,102,102,85.0,Certified
STU0590,Student_590,student590@gmail.com,13:15,14:57,102,102,85.0,Certified
STU0491,Student_491,student491@gmail.com,13:08,14:50,102,102,85.0,Certified
STU0909,Student_909,student909@gmail.com,13:17,14:59,102,102,85.0,Certified
STU0207,Student_207,student207@gmail.com,13:11,14:53,102,102,85.0,Certified
STU0533,Student_533,student533@gmail.com,13:01,14:43,102,102,85.0,Certified
STU0222,Student_222,student222@gmail.com,13:17,14:59,102,102,85.0,Certified
STU0223,Student_223,student223@gmail.com,13:18,15:00,102,102,85.0,Certified
STU0676,Student_676,student676@gmail.com,13:10,14:52,102,102,85.0,Certified
STU0157,Student_157,student157@gmail.com,13:20,15:02,102,102,85.0,Certified
STU0332,Student_332,student332@gmail.com,13:09,14:51,102,102,85.0,Certified
STU0949,Student_949,student949@gmail.com,13:17,14:59,102,102,85.0,Certified
STU0075,Student_75,student75@gmail.com,13:12,14:54,102,102,85.0,Certified
STU0696,Student_696,student696@gmail.com,13:17,14:59,102,102,85.0,Certified
STU0976,Student_976,student976@gmail.com,13:04,14:46,102,102,85.0,Certified
STU0952,Student_952,student952@gmail.com,13:00,14:42,102,102,85.0,Certified
STU0331,Student_331,student331@gmail.com,13:00,14:42,102,102,85.0,Certified
STU0776,Student_776,student776@gmail.com,13:15,14:57,102,102,85.0,Certified
STU0741,Student_741,student741@gmail.com,13:03,14:45,102,102,85.0,Certified
STU0759,Student_759,student759@gmail.com,13:15,14:57,102,102,85.0,Certified
STU0683,Student_683,student683@gmail.com,13:07,14:49,102,102,85.0,Certified
STU0052,Student_52,student52@gmail.com,13:01,14:43,102,102,85.0,Certified
STU0438,Student_438,student438@gmail.com,13:15,14:57,102,102,85.0,Certified
STU0647,Student_647,student647@gmail.com,13:20,15:02,102,102,85.0,Certified
STU0436,Student_436,student436@gmail.com,13:05,14:47,102,102,85.0,Certified
STU0144,Student_144,student144@gmail.com,13:09,14:51,102,102,85.0,Certified
STU0508,Student_508,student508@gmail.com,13:13,14:54,101,101,84.166667,Certified
STU0735,Student_735,student735@gmail.com,13:15,14:56,101,101,84.166667,Certified
STU0674,Student_674,student674@gmail.com,13:07,14:48,101,101,84.166667,Certified
STU0797,Student_797,student797@gmail.com,13:01,14:42,101,101,84.166667,Certified
STU0798,Student_798,student798@gmail.com,13:13,14:54,101,101,84.166667,Certified
STU0404,Student_404,student404@gmail.com,13:20,15:01,101,101,84.166667,Certified
STU0450,Student_450,student450@gmail.com,13:19,15:00,101,101,84.166667,Certified
STU0816,Student_816,student816@gmail.com,13:06,14:47,101,101,84.166667,Certified
STU0463,Student_463,student463@gmail.com,13:13,14:54,101,101,84.166667,Certified
STU0857,Student_857,student857@gmail.com,13:04,14:45,101,101,84.166667,Certified
STU0559,Student_559,student559@gmail.com,13:13,14:54,101,101,84.166667,Certified
STU0600,Student_600,student600@gmail.com,13:20,15:01,101,101,84.166667,Certified
STU0233,Student_233,student233@gmail.com,13:00,14:41,101,101,84.166667,Certified
STU0546,Student_546,student546@gmail.com,13:10,14:51,101,101,84.166667,Certified
STU0128,Student_128,student128@gmail.com,13:05,14:46,101,101,84.166667,Certified
STU0929,Student_929,student929@gmail.com,13:12,14:53,101,101,84.166667,Certified
STU0316,Student_316,student316@gmail.com,13:04,14:45,101,101,84.166667,Certified
STU0448,Student_448,student448@gmail.com,13:04,14:45,101,101,84.166667,Certified
STU0821,Student_821,student821@gmail.com,13:03,14:44,101,101,84.166667,Certified
STU0834,Student_834,student834@gmail.com,13:09,14:50,101,101,84.166667,Certified
STU0337,Student_337,student337@gmail.com,13:13,14:54,101,101,84.166667,Certified
STU0370,Student_370,student370@gmail.com,13:06,14:47,101,101,84.166667,Certified
STU0170,Student_170,student170@gmail.com,13:08,14:49,101,101,84.166667,Certified
STU0660,Student_660,student660@gmail.com,13:19,14:59,100,100,83.333333,Certified
STU0425,Student_425,student425@gmail.com,13:12,14:52,100,100,83.333333,Certified
STU0615,Student_615,student615@gmail.com,13:02,14:42,100,100,83.333333,Certified
STU0841,Student_841,student841@gmail.com,13:15,14:55,100,100,83.333333,Certified
STU0074,Student_74,student74@gmail.com,13:17,14:57,100,100,83.333333,Certified
STU0367,Student_367,student367@gmail.com,13:20,15:00,100,100,83.333333,Certified
STU0712,Student_712,student712@gmail.com,13:01,14:41,100,100,83.333333,Certified
STU0230,Student_230,student230@gmail.com,13:00,14:40,100,100,83.333333,Certified
STU0889,Student_889,student889@gmail.com,13:16,14:56,100,100,83.333333,Certified
STU0574,Student_574,student574@gmail.com,13:19,14:59,100,100,83.333333,Certified
STU0253,Student_253,student253@gmail.com,13:02,14:42,100,100,83.333333,Certified
STU0864,Student_864,student864@gmail.com,13:14,14:54,100,100,83.333333,Certified
STU0603,Student_603,student603@gmail.com,13:06,14:46,100,100,83.333333,Certified
STU0916,Student_916,student916@gmail.com,13:09,14:49,100,100,83.333333,Certified
STU0012,Student_12,student12@gmail.com,13:20,15:00,100,100,83.333333,Certified
STU0227,Student_227,student227@gmail.com,13:04,14:44,100,100,83.333333,Certified
STU0591,Student_591,student591@gmail.com,13:03,14:43,100,100,83.333333,Certified
STU0371,Student_371,student371@gmail.com,13:19,14:59,100,100,83.333333,Certified
STU0381,Student_381,student381@gmail.com,13:10,14:50,100,100,83.333333,Certified
STU0013,Student_13,student13@gmail.com,13:08,14:48,100,100,83.333333,Certified
STU0083,Student_83,student83@gmail.com,13:15,14:55,100,100,83.333333,Certified
STU0302,Student_302,student302@gmail.com,13:05,14:45,100,100,83.333333,Certified
STU0779,Student_779,student779@gmail.com,13:08,14:48,100,100,83.333333,Certified
STU0287,Student_287,student287@gmail.com,13:06,14:46,100,100,83.333333,Certified
STU0446,Student_446,student446@gmail.com,13:19,14:59,100,100,83.333333,Certified
STU0167,Student_167,student167@gmail.com,13:06,14:46,100,100,83.333333,Certified
STU0096,Student_96,student96@gmail.com,13:20,15:00,100,100,83.333333,Certified
STU0639,Student_639,student639@gmail.com,13:18,14:58,100,100,83.333333,Certified
STU0608,Student_608,student608@gmail.com,13:17,14:57,100,100,83.333333,Certified
STU0840,Student_840,student840@gmail.com,13:07,14:47,100,100,83.333333,Certified
STU0104,Student_104,student104@gmail.com,13:20,15:00,100,100,83.333333,Certified
STU0885,Student_885,student885@gmail.com,13:17,14:57,100,100,83.333333,Certified
STU0910,Student_910,student910@gmail.com,13:01,14:41,100,100,83.333333,Certified
STU0521,Student_521,student521@gmail.com,13:20,14:59,99,99,82.5,Certified
STU0018,Student_18,student18@gmail.com,13:14,14:53,99,99,82.5,Certified
STU0203,Student_203,student203@gmail.com,13:20,14:59,99,99,82.5,Certified
STU0482,Student_482,student482@gmail.com,13:10,14:49,99,99,82.5,Certified
STU0010,Student_10,student10@gmail.com,13:13,14:52,99,99,82.5,Certified
STU0214,Student_214,student214@gmail.com,13:06,14:45,99,99,82.5,Certified
STU0704,Student_704,student704@gmail.com,13:04,14:43,99,99,82.5,Certified
STU0368,Student_368,student368@gmail.com,13:07,14:46,99,99,82.5,Certified
STU0196,Student_196,student196@gmail.com,13:15,14:54,99,99,82.5,Certified
STU0350,Student_350,student350@gmail.com,13:09,14:48,99,99,82.5,Certified
STU0666,Student_666,student666@gmail.com,13:17,14:56,99,99,82.5,Certified
STU0355,Student_355,student355@gmail.com,13:13,14:52,99,99,82.5,Certified
STU0703,Student_703,student703@gmail.com,13:19,14:58,99,99,82.5,Certified
STU0324,Student_324,student324@gmail.com,13:16,14:55,99,99,82.5,Certified
STU0285,Student_285,student285@gmail.com,13:11,14:50,99,99,82.5,Certified
STU0401,Student_401,student401@gmail.com,13:14,14:53,99,99,82.5,Certified
STU0173,Student_173,student173@gmail.com,13:10,14:49,99,99,82.5,Certified
STU0469,Student_469,student469@gmail.com,13:16,14:55,99,99,82.5,Certified
STU0468,Student_468,student468@gmail.com,13:17,14:56,99,99,82.5,Certified
STU0787,Student_787,student787@gmail.com,13:15,14:54,99,99,82.5,Certified
STU0785,Student_785,student785@gmail.com,13:01,14:40,99,99,82.5,Certified
STU0416,Student_416,student416@gmail.com,13:10,14:49,99,99,82.5,Certified
STU0229,Student_229,student229@gmail.com,13:05,14:44,99,99,82.5,Certified
STU0499,Student_499,student499@gmail.com,13:02,14:41,99,99,82.5,Certified
STU0496,Student_496,student496@gmail.com,13:09,14:48,99,99,82.5,Certified
STU0494,Student_494,student494@gmail.com,13:13,14:52,99,99,82.5,Certified
STU0240,Student_240,student240@gmail.com,13:18,14:57,99,99,82.5,Certified
STU0859,Student_859,student859@gmail.com,13:14,14:53,99,99,82.5,Certified
STU0048,Student_48,student48@gmail.com,13:10,14:49,99,99,82.5,Certified
STU0585,Student_585,student585@gmail.com,13:17,14:56,99,99,82.5,Certified
STU0060,Student_60,student60@gmail.com,13:15,14:54,99,99,82.5,Certified
STU0441,Student_441,student441@gmail.com,13:09,14:48,99,99,82.5,Certified
STU0810,Student_810,student810@gmail.com,13:06,14:45,99,99,82.5,Certified
STU0564,Student_564,student564@gmail.com,13:01,14:39,98,98,81.666667,Certified
STU0902,Student_902,student902@gmail.com,13:06,14:44,98,98,81.666667,Certified
STU0007,Student_7,student7@gmail.com,13:14,14:52,98,98,81.666667,Certified
STU0215,Student_215,student215@gmail.com,13:14,14:52,98,98,81.666667,Certified
STU0221,Student_221,student221@gmail.com,13:06,14:44,98,98,81.666667,Certified
STU0852,Student_852,student852@gmail.com,13:11,14:49,98,98,81.666667,Certified
STU0250,Student_250,student250@gmail.com,13:14,14:52,98,98,81.666667,Certified
STU0594,Student_594,student594@gmail.com,13:14,14:52,98,98,81.666667,Certified
STU0178,Student_178,student178@gmail.com,13:11,14:49,98,98,81.666667,Certified
STU0876,Student_876,student876@gmail.com,13:01,14:39,98,98,81.666667,Certified
STU0046,Student_46,student46@gmail.com,13:14,14:52,98,98,81.666667,Certified
STU0190,Student_190,student190@gmail.com,13:20,14:58,98,98,81.666667,Certified
STU0570,Student_570,student570@gmail.com,13:04,14:42,98,98,81.666667,Certified
STU0037,Student_37,student37@gmail.com,13:15,14:53,98,98,81.666667,Certified
STU0884,Student_884,student884@gmail.com,13:12,14:50,98,98,81.666667,Certified
STU0470,Student_470,student470@gmail.com,13:09,14:47,98,98,81.666667,Certified
STU0609,Student_609,student609@gmail.com,13:19,14:57,98,98,81.666667,Certified
STU0273,Student_273,student273@gmail.com,13:15,14:53,98,98,81.666667,Certified
STU0113,Student_113,student113@gmail.com,13:19,14:57,98,98,81.666667,Certified
STU0849,Student_849,student849@gmail.com,13:19,14:57,98,98,81.666667,Certified
STU0164,Student_164,student164@gmail.com,13:04,14:42,98,98,81.666667,Certified
STU0174,Student_174,student174@gmail.com,13:14,14:52,98,98,81.666667,Certified
STU0644,Student_644,student644@gmail.com,13:00,14:38,98,98,81.666667,Certified
STU0655,Student_655,student655@gmail.com,13:14,14:52,98,98,81.666667,Certified
STU0304,Student_304,student304@gmail.com,13:12,14:50,98,98,81.666667,Certified
STU0139,Student_139,student139@gmail.com,13:05,14:43,98,98,81.666667,Certified
STU0431,Student_431,student431@gmail.com,13:16,14:54,98,98,81.666667,Certified
STU0440,Student_440,student440@gmail.com,13:04,14:42,98,98,81.666667,Certified
STU0421,Student_421,student421@gmail.com,13:10,14:48,98,98,81.666667,Certified
STU0372,Student_372,student372@gmail.com,13:20,14:58,98,98,81.666667,Certified
STU0392,Student_392,student392@gmail.com,13:20,14:58,98,98,81.666667,Certified
STU0391,Student_391,student391@gmail.com,13:09,14:47,98,98,81.666667,Certified
STU0358,Student_358,student358@gmail.com,13:16,14:54,98,98,81.666667,Certified
STU0354,Student_354,student354@gmail.com,13:11,14:49,98,98,81.666667,Certified
STU0382,Student_382,student382@gmail.com,13:14,14:52,98,98,81.666667,Certified
STU0698,Student_698,student698@gmail.com,13:09,14:47,98,98,81.666667,Certified
STU0946,Student_946,student946@gmail.com,13:01,14:39,98,98,81.666667,Certified
STU0014,Student_14,student14@gmail.com,13:02,14:39,97,97,80.833333,Certified
STU0970,Student_970,student970@gmail.com,13:13,14:50,97,97,80.833333,Certified
STU0194,Student_194,student194@gmail.com,13:04,14:41,97,97,80.833333,Certified
STU0711,Student_711,student711@gmail.com,13:01,14:38,97,97,80.833333,Certified
STU0413,Student_413,student413@gmail.com,13:19,14:56,97,97,80.833333,Certified
STU0643,Student_643,student643@gmail.com,13:18,14:55,97,97,80.833333,Certified
STU0801,Student_801,student801@gmail.com,13:09,14:46,97,97,80.833333,Certified
STU0092,Student_92,student92@gmail.com,13:13,14:50,97,97,80.833333,Certified
STU0389,Student_389,student389@gmail.com,13:14,14:51,97,97,80.833333,Certified
STU0739,Student_739,student739@gmail.com,13:07,14:44,97,97,80.833333,Certified
STU0531,Student_531,student531@gmail.com,13:14,14:51,97,97,80.833333,Certified
STU0873,Student_873,student873@gmail.com,13:02,14:39,97,97,80.833333,Certified
STU0246,Student_246,student246@gmail.com,13:00,14:37,97,97,80.833333,Certified
STU0569,Student_569,student569@gmail.com,13:14,14:51,97,97,80.833333,Certified
STU0863,Student_863,student863@gmail.com,13:14,14:51,97,97,80.833333,Certified
STU0832,Student_832,student832@gmail.com,13:07,14:44,97,97,80.833333,Certified
STU0278,Student_278,student278@gmail.com,13:17,14:54,97,97,80.833333,Certified
STU0624,Student_624,student624@gmail.com,13:16,14:53,97,97,80.833333,Certified
STU0451,Student_451,student451@gmail.com,13:14,14:51,97,97,80.833333,Certified
STU0444,Student_444,student444@gmail.com,13:16,14:53,97,97,80.833333,Certified
STU0573,Student_573,student573@gmail.com,13:18,14:55,97,97,80.833333,Certified
STU0877,Student_877,student877@gmail.com,13:15,14:52,97,97,80.833333,Certified
STU0045,Student_45,student45@gmail.com,13:17,14:54,97,97,80.833333,Certified
STU0234,Student_234,student234@gmail.com,13:08,14:45,97,97,80.833333,Certified
STU0561,Student_561,student561@gmail.com,13:14,14:51,97,97,80.833333,Certified
STU0218,Student_218,student218@gmail.com,13:00,14:37,97,97,80.833333,Certified
STU0212,Student_212,student212@gmail.com,13:11,14:48,97,97,80.833333,Certified
STU0919,Student_919,student919@gmail.com,13:08,14:45,97,97,80.833333,Certified
STU0489,Student_489,student489@gmail.com,13:19,14:55,96,96,80.0,Certified
STU0567,Student_567,student567@gmail.com,13:05,14:41,96,96,80.0,Certified
STU0513,Student_513,student513@gmail.com,13:17,14:53,96,96,80.0,Certified
STU0121,Student_121,student121@gmail.com,13:09,14:45,96,96,80.0,Certified
STU0501,Student_501,student501@gmail.com,13:17,14:53,96,96,80.0,Certified
STU0490,Student_490,student490@gmail.com,13:02,14:38,96,96,80.0,Certified
STU0481,Student_481,student481@gmail.com,13:07,14:43,96,96,80.0,Certified
STU0582,Student_582,student582@gmail.com,13:03,14:39,96,96,80.0,Certified
STU0788,Student_788,student788@gmail.com,13:04,14:40,96,96,80.0,Certified
STU0102,Student_102,student102@gmail.com,13:14,14:50,96,96,80.0,Certified
STU0829,Student_829,student829@gmail.com,13:18,14:54,96,96,80.0,Certified
STU0064,Student_64,student64@gmail.com,13:17,14:53,96,96,80.0,Certified
STU0871,Student_871,student871@gmail.com,13:08,14:44,96,96,80.0,Certified
STU0179,Student_179,student179@gmail.com,13:12,14:48,96,96,80.0,Certified
STU0972,Student_972,student972@gmail.com,13:04,14:40,96,96,80.0,Certified
STU0729,Student_729,student729@gmail.com,13:20,14:56,96,96,80.0,Certified
STU0335,Student_335,student335@gmail.com,13:03,14:39,96,96,80.0,Certified
STU0306,Student_306,student306@gmail.com,13:20,14:56,96,96,80.0,Certified
STU0351,Student_351,student351@gmail.com,13:12,14:48,96,96,80.0,Certified
STU0680,Student_680,student680@gmail.com,13:15,14:51,96,96,80.0,Certified
STU0725,Student_725,student725@gmail.com,13:15,14:51,96,96,80.0,Certified
STU0505,Student_505,student505@gmail.com,13:13,14:49,96,96,80.0,Certified
STU0298,Student_298,student298@gmail.com,13:08,14:44,96,96,80.0,Certified
STU0301,Student_301,student301@gmail.com,13:11,14:47,96,96,80.0,Certified
STU0001,Student_1,student1@gmail.com,13:05,14:41,96,96,80.0,Certified
STU0162,Student_162,student162@gmail.com,13:01,14:35,94,94,78.333333,Not Certified
STU0082,Student_82,student82@gmail.com,13:09,14:43,94,94,78.333333,Not Certified
STU0732,Student_732,student732@gmail.com,13:18,14:51,93,93,77.5,Not Certified
STU0606,Student_606,student606@gmail.com,13:17,14:50,93,93,77.5,Not Certified
STU0057,Student_57,student57@gmail.com,13:08,14:38,90,90,75.0,Not Certified
STU0854,Student_854,student854@gmail.com,13:01,14:31,90,90,75.0,Not Certified
STU0138,Student_138,student138@gmail.com,13:09,14:38,89,89,74.166667,Not Certified
STU0597,Student_597,student597@gmail.com,13:17,14:46,89,89,74.166667,Not Certified
STU0806,Student_806,student806@gmail.com,13:20,14:49,89,89,74.166667,Not Certified
STU0050,Student_50,student50@gmail.com,13:00,14:29,89,89,74.166667,Not Certified
STU0553,Student_553,student553@gmail.com,13:05,14:34,89,89,74.166667,Not Certified
STU0200,Student_200,student200@gmail.com,13:11,14:40,89,89,74.166667,Not Certified
STU0180,Student_180,student180@gmail.com,13:08,14:36,88,88,73.333333,Not Certified
STU0722,Student_722,student722@gmail.com,13:16,14:44,88,88,73.333333,Not Certified
STU0796,Student_796,student796@gmail.com,13:07,14:35,88,88,73.333333,Not Certified
STU0925,Student_925,student925@gmail.com,13:12,14:39,87,87,72.5,Not Certified
STU0578,Student_578,student578@gmail.com,13:04,14:31,87,87,72.5,Not Certified
STU0858,Student_858,student858@gmail.com,13:10,14:36,86,86,71.666667,Not Certified
STU0715,Student_715,student715@gmail.com,13:04,14:29,85,85,70.833333,Not Certified
STU0665,Student_665,student665@gmail.com,13:11,14:36,85,85,70.833333,Not Certified
STU0502,Student_502,student502@gmail.com,13:20,14:45,85,85,70.833333,Not Certified
STU0393,Student_393,student393@gmail.com,13:19,14:43,84,84,70.0,Not Certified
STU0710,Student_710,student710@gmail.com,13:12,14:36,84,84,70.0,Not Certified
STU0054,Student_54,student54@gmail.com,13:19,14:42,83,83,69.166667,Not Certified
STU0374,Student_374,student374@gmail.com,13:20,14:43,83,83,69.166667,Not Certified
STU0132,Student_132,student132@gmail.com,13:07,14:30,83,83,69.166667,Not Certified
STU0069,Student_69,student69@gmail.com,13:04,14:27,83,83,69.166667,Not Certified
STU0249,Student_249,student249@gmail.com,13:03,14:25,82,82,68.333333,Not Certified
STU0111,Student_111,student111@gmail.com,13:10,14:32,82,82,68.333333,Not Certified
STU0930,Student_930,student930@gmail.com,13:17,14:37,80,80,66.666667,Not Certified
STU0237,Student_237,student237@gmail.com,13:02,14:22,80,80,66.666667,Not Certified
STU0032,Student_32,student32@gmail.com,13:05,14:25,80,80,66.666667,Not Certified
STU0790,Student_790,student790@gmail.com,13:13,14:33,80,80,66.666667,Not Certified
STU0730,Student_730,student730@gmail.com,13:19,14:39,80,80,66.666667,Not Certified
STU0833,Student_833,student833@gmail.com,13:03,14:22,79,79,65.833333,Not Certified
STU0498,Student_498,student498@gmail.com,13:13,14:31,78,78,65.0,Not Certified
STU0143,Student_143,student143@gmail.com,13:08,14:26,78,78,65.0,Not Certified
STU0754,Student_754,student754@gmail.com,13:05,14:23,78,78,65.0,Not Certified
STU0742,Student_742,student742@gmail.com,13:00,14:16,76,76,63.333333,Not Certified
STU0055,Student_55,student55@gmail.com,13:20,14:36,76,76,63.333333,Not Certified
STU0100,Student_100,student100@gmail.com,13:03,14:19,76,76,63.333333,Not Certified
STU0264,Student_264,student264@gmail.com,13:06,14:21,75,75,62.5,Not Certified
STU0473,Student_473,student473@gmail.com,13:04,14:19,75,75,62.5,Not Certified
STU0562,Student_562,student562@gmail.com,13:11,14:26,75,75,62.5,Not Certified
STU0921,Student_921,student921@gmail.com,13:05,14:19,74,74,61.666667,Not Certified
STU0893,Student_893,student893@gmail.com,13:17,14:31,74,74,61.666667,Not Certified
STU0235,Student_235,student235@gmail.com,13:04,14:17,73,73,60.833333,Not Certified
STU0673,Student_673,student673@gmail.com,13:19,14:32,73,73,60.833333,Not Certified
STU0935,Student_935,student935@gmail.com,13:13,14:26,73,73,60.833333,Not Certified
STU0349,Student_349,student349@gmail.com,13:20,14:33,73,73,60.833333,Not Certified
STU0071,Student_71,student71@gmail.com,13:08,14:21,73,73,60.833333,Not Certified
STU0051,Student_51,student51@gmail.com,13:14,14:26,72,72,60.0,Not Certified
STU0348,Student_348,student348@gmail.com,13:18,14:29,71,71,59.166667,Not Certified
STU0907,Student_907,student907@gmail.com,13:01,14:12,71,71,59.166667,Not Certified
STU0565,Student_565,student565@gmail.com,13:20,14:31,71,71,59.166667,Not Certified
STU0579,Student_579,student579@gmail.com,13:11,14:21,70,70,58.333333,Not Certified
STU0870,Student_870,student870@gmail.com,13:00,14:10,70,70,58.333333,Not Certified
STU0937,Student_937,student937@gmail.com,13:04,14:13,69,69,57.5,Not Certified
STU0087,Student_87,student87@gmail.com,13:17,14:25,68,68,56.666667,Not Certified
STU0944,Student_944,student944@gmail.com,13:08,14:16,68,68,56.666667,Not Certified
STU0461,Student_461,student461@gmail.com,13:09,14:17,68,68,56.666667,Not Certified
STU0894,Student_894,student894@gmail.com,13:17,14:25,68,68,56.666667,Not Certified
STU0311,Student_311,student311@gmail.com,13:05,14:12,67,67,55.833333,Not Certified
STU0210,Student_210,student210@gmail.com,13:03,14:10,67,67,55.833333,Not Certified
STU0543,Student_543,student543@gmail.com,13:03,14:10,67,67,55.833333,Not Certified
STU0516,Student_516,student516@gmail.com,13:12,14:19,67,67,55.833333,Not Certified
STU0605,Student_605,student605@gmail.com,13:00,14:06,66,66,55.0,Not Certified
STU0571,Student_571,student571@gmail.com,13:07,14:13,66,66,55.0,Not Certified
STU0231,Student_231,student231@gmail.com,13:00,14:05,65,65,54.166667,Not Certified
STU0289,Student_289,student289@gmail.com,13:03,14:07,64,64,53.333333,Not Certified
STU0771,Student_771,student771@gmail.com,13:12,14:16,64,64,53.333333,Not Certified
STU0874,Student_874,student874@gmail.com,13:13,14:17,64,64,53.333333,Not Certified
STU0519,Student_519,student519@gmail.com,13:02,14:06,64,64,53.333333,Not Certified
STU0525,Student_525,student525@gmail.com,13:17,14:20,63,63,52.5,Not Certified
STU0755,Student_755,student755@gmail.com,13:17,14:20,63,63,52.5,Not Certified
STU0814,Student_814,student814@gmail.com,13:00,14:03,63,63,52.5,Not Certified
STU0310,Student_310,student310@gmail.com,13:14,14:17,63,63,52.5,Not Certified
STU0786,Student_786,student786@gmail.com,13:13,14:15,62,62,51.666667,Not Certified
STU0099,Student_99,student99@gmail.com,13:18,14:20,62,62,51.666667,Not Certified
STU0232,Student_232,student232@gmail.com,13:07,14:08,61,61,50.833333,Not Certified
STU0554,Student_554,student554@gmail.com,13:09,14:10,61,61,50.833333,Not Certified
STU0256,Student_256,student256@gmail.com,13:17,14:18,61,61,50.833333,Not Certified
STU0716,Student_716,student716@gmail.com,13:04,14:05,61,61,50.833333,Not Certified
STU0122,Student_122,student122@gmail.com,13:01,14:02,61,61,50.833333,Not Certified
STU0836,Student_836,student836@gmail.com,13:16,14:15,59,59,49.166667,Not Certified
STU0328,Student_328,student328@gmail.com,13:16,14:15,59,59,49.166667,Not Certified
STU0610,Student_610,student610@gmail.com,13:02,14:01,59,59,49.166667,Not Certified
STU0284,Student_284,student284@gmail.com,13:09,14:08,59,59,49.166667,Not Certified
STU0761,Student_761,student761@gmail.com,13:17,14:15,58,58,48.333333,Not Certified
STU0891,Student_891,student891@gmail.com,13:00,13:58,58,58,48.333333,Not Certified
STU0626,Student_626,student626@gmail.com,13:04,14:02,58,58,48.333333,Not Certified
STU0911,Student_911,student911@gmail.com,13:16,14:13,57,57,47.5,Not Certified
STU0123,Student_123,student123@gmail.com,13:01,13:58,57,57,47.5,Not Certified
STU0772,Student_772,student772@gmail.com,13:04,14:01,57,57,47.5,Not Certified
STU0589,Student_589,student589@gmail.com,13:19,14:15,56,56,46.666667,Not Certified
STU0773,Student_773,student773@gmail.com,13:01,13:57,56,56,46.666667,Not Certified
STU0630,Student_630,student630@gmail.com,13:16,14:12,56,56,46.666667,Not Certified
STU0151,Student_151,student151@gmail.com,13:12,14:07,55,55,45.833333,Not Certified
STU0021,Student_21,student21@gmail.com,13:12,14:06,54,54,45.0,Not Certified
STU0322,Student_322,student322@gmail.com,13:13,14:07,54,54,45.0,Not Certified
STU0824,Student_824,student824@gmail.com,13:00,13:53,53,53,44.166667,Not Certified
STU0182,Student_182,student182@gmail.com,13:11,14:04,53,53,44.166667,Not Certified
STU0646,Student_646,student646@gmail.com,13:18,14:11,53,53,44.166667,Not Certified
STU0775,Student_775,student775@gmail.com,13:14,14:06,52,52,43.333333,Not Certified
STU0333,Student_333,student333@gmail.com,13:04,13:56,52,52,43.333333,Not Certified
STU0465,Student_465,student465@gmail.com,13:04,13:56,52,52,43.333333,Not Certified
STU0895,Student_895,student895@gmail.com,13:07,13:58,51,51,42.5,Not Certified
STU0146,Student_146,student146@gmail.com,13:03,13:53,50,50,41.666667,Not Certified
STU0825,Student_825,student825@gmail.com,13:12,14:02,50,50,41.666667,Not Certified
STU0456,Student_456,student456@gmail.com,13:17,14:07,50,50,41.666667,Not Certified
STU0908,Student_908,student908@gmail.com,13:14,14:03,49,49,40.833333,Not Certified
STU0189,Student_189,student189@gmail.com,13:19,14:07,48,48,40.0,Not Certified
STU0156,Student_156,student156@gmail.com,13:11,13:59,48,48,40.0,Not Certified
STU0288,Student_288,student288@gmail.com,13:15,14:03,48,48,40.0,Not Certified
STU0308,Student_308,student308@gmail.com,13:16,14:03,47,47,39.166667,Not Certified
STU0968,Student_968,student968@gmail.com,13:10,13:56,46,46,38.333333,Not Certified
STU0056,Student_56,student56@gmail.com,13:01,13:47,46,46,38.333333,Not Certified
STU0950,Student_950,student950@gmail.com,13:15,14:01,46,46,38.333333,Not Certified
STU0855,Student_855,student855@gmail.com,13:16,14:01,45,45,37.5,Not Certified
STU0708,Student_708,student708@gmail.com,13:04,13:49,45,45,37.5,Not Certified
STU0791,Student_791,student791@gmail.com,13:15,14:00,45,45,37.5,Not Certified
STU0009,Student_9,student9@gmail.com,13:20,14:05,45,45,37.5,Not Certified
STU0397,Student_397,student397@gmail.com,13:18,14:02,44,44,36.666667,Not Certified
STU0622,Student_622,student622@gmail.com,13:18,14:01,43,43,35.833333,Not Certified
STU0813,Student_813,student813@gmail.com,13:08,13:51,43,43,35.833333,Not Certified
STU0800,Student_800,student800@gmail.com,13:15,13:58,43,43,35.833333,Not Certified
STU0166,Student_166,student166@gmail.com,13:13,13:55,42,42,35.0,Not Certified
STU0887,Student_887,student887@gmail.com,13:03,13:45,42,42,35.0,Not Certified
STU0526,Student_526,student526@gmail.com,13:20,14:02,42,42,35.0,Not Certified
STU0361,Student_361,student361@gmail.com,13:10,13:51,41,41,34.166667,Not Certified
STU0352,Student_352,student352@gmail.com,13:10,13:51,41,41,34.166667,Not Certified
STU0656,Student_656,student656@gmail.com,13:01,13:41,40,40,33.333333,Not Certified
STU0811,Student_811,student811@gmail.com,13:10,13:50,40,40,33.333333,Not Certified
STU0408,Student_408,student408@gmail.com,13:19,13:59,40,40,33.333333,Not Certified
STU0627,Student_627,student627@gmail.com,13:05,13:45,40,40,33.333333,Not Certified
STU0789,Student_789,student789@gmail.com,13:17,13:57,40,40,33.333333,Not Certified
STU0420,Student_420,student420@gmail.com,13:19,13:58,39,39,32.5,Not Certified
STU0125,Student_125,student125@gmail.com,13:13,13:51,38,38,31.666667,Not Certified
STU0252,Student_252,student252@gmail.com,13:19,13:57,38,38,31.666667,Not Certified
STU0738,Student_738,student738@gmail.com,13:12,13:50,38,38,31.666667,Not Certified
STU0670,Student_670,student670@gmail.com,13:07,13:45,38,38,31.666667,Not Certified
STU0133,Student_133,student133@gmail.com,13:18,13:56,38,38,31.666667,Not Certified
STU0439,Student_439,student439@gmail.com,13:07,13:44,37,37,30.833333,Not Certified
STU0523,Student_523,student523@gmail.com,13:10,13:47,37,37,30.833333,Not Certified
STU0879,Student_879,student879@gmail.com,13:05,13:42,37,37,30.833333,Not Certified
STU0198,Student_198,student198@gmail.com,13:17,13:54,37,37,30.833333,Not Certified
STU0484,Student_484,student484@gmail.com,13:04,13:41,37,37,30.833333,Not Certified
STU0529,Student_529,student529@gmail.com,13:05,13:42,37,37,30.833333,Not Certified
STU0277,Student_277,student277@gmail.com,13:11,13:47,36,36,30.0,Not Certified
STU0602,Student_602,student602@gmail.com,13:07,13:42,35,35,29.166667,Not Certified
STU0668,Student_668,student668@gmail.com,13:14,13:49,35,35,29.166667,Not Certified
STU0363,Student_363,student363@gmail.com,13:20,13:54,34,34,28.333333,Not Certified
STU0236,Student_236,student236@gmail.com,13:16,13:50,34,34,28.333333,Not Certified
STU0853,Student_853,student853@gmail.com,13:18,13:52,34,34,28.333333,Not Certified
STU0898,Student_898,student898@gmail.com,13:06,13:40,34,34,28.333333,Not Certified
STU0261,Student_261,student261@gmail.com,13:03,13:37,34,34,28.333333,Not Certified
STU0193,Student_193,student193@gmail.com,13:13,13:47,34,34,28.333333,Not Certified
STU0040,Student_40,student40@gmail.com,13:10,13:43,33,33,27.5,Not Certified
STU0794,Student_794,student794@gmail.com,13:01,13:32,31,31,25.833333,Not Certified
STU0636,Student_636,student636@gmail.com,13:17,13:48,31,31,25.833333,Not Certified
STU0555,Student_555,student555@gmail.com,13:03,13:33,30,30,25.0,Not Certified
STU0129,Student_129,student129@gmail.com,13:05,13:35,30,30,25.0,Not Certified
STU0274,Student_274,student274@gmail.com,13:02,13:32,30,30,25.0,Not Certified
STU0551,Student_551,student551@gmail.com,13:13,13:43,30,30,25.0,Not Certified
STU0940,Student_940,student940@gmail.com,13:20,13:50,30,30,25.0,Not Certified
STU0387,Student_387,student387@gmail.com,13:16,13:45,29,29,24.166667,Not Certified
STU0342,Student_342,student342@gmail.com,13:11,13:40,29,29,24.166667,Not Certified
STU0077,Student_77,student77@gmail.com,13:04,13:32,28,28,23.333333,Not Certified
STU0510,Student_510,student510@gmail.com,13:11,13:39,28,28,23.333333,Not Certified
STU0415,Student_415,student415@gmail.com,13:10,13:38,28,28,23.333333,Not Certified
STU0596,Student_596,student596@gmail.com,13:11,13:39,28,28,23.333333,Not Certified
STU0400,Student_400,student400@gmail.com,13:04,13:31,27,27,22.5,Not Certified
STU0330,Student_330,student330@gmail.com,13:12,13:39,27,27,22.5,Not Certified
STU0315,Student_315,student315@gmail.com,13:02,13:28,26,26,21.666667,Not Certified
STU0317,Student_317,student317@gmail.com,13:19,13:45,26,26,21.666667,Not Certified
STU0671,Student_671,student671@gmail.com,13:03,13:29,26,26,21.666667,Not Certified
STU0685,Student_685,student685@gmail.com,13:01,13:27,26,26,21.666667,Not Certified
STU0943,Student_943,student943@gmail.com,13:06,13:32,26,26,21.666667,Not Certified
STU0782,Student_782,student782@gmail.com,13:07,13:33,26,26,21.666667,Not Certified
STU0283,Student_283,student283@gmail.com,13:13,13:39,26,26,21.666667,Not Certified
STU0160,Student_160,student160@gmail.com,13:03,13:28,25,25,20.833333,Not Certified
STU0004,Student_4,student4@gmail.com,13:09,13:33,24,24,20.0,Not Certified
STU0097,Student_97,student97@gmail.com,13:15,13:39,24,24,20.0,Not Certified
STU0112,Student_112,student112@gmail.com,13:17,13:41,24,24,20.0,Not Certified
STU0027,Student_27,student27@gmail.com,13:08,13:31,23,23,19.166667,Not Certified
STU0649,Student_649,student649@gmail.com,13:19,13:42,23,23,19.166667,Not Certified
STU0029,Student_29,student29@gmail.com,13:18,13:40,22,22,18.333333,Not Certified
STU0434,Student_434,student434@gmail.com,13:11,13:33,22,22,18.333333,Not Certified
STU0150,Student_150,student150@gmail.com,13:09,13:31,22,22,18.333333,Not Certified
STU0689,Student_689,student689@gmail.com,13:17,13:38,21,21,17.5,Not Certified
STU0890,Student_890,student890@gmail.com,13:07,13:27,20,20,16.666667,Not Certified
